Order_ID,Order_Date,Region,Category,Product,Quantity,Price,Revenue,Customer_Type
1001,2024-01-01,East,Clothing,Shirt,5,766,3830,Premium
1002,2024-01-02,South,Clothing,Shirt,5,430,2150,New
1003,2024-01-03,West,Furniture,Bed,4,7311,29244,Regular
1004,2024-01-04,South,Furniture,Chair,4,27658,110632,Premium
1005,2024-01-05,East,Furniture,Table,3,3267,9801,New
1006,2024-01-06,North,Clothing,Jacket,5,2735,13675,Regular
1007,2024-01-07,West,Furniture,Table,1,4612,4612,Premium
1008,2024-01-08,West,Clothing,Shirt,5,3452,17260,Regular
1009,2024-01-09,South,Furniture,Table,2,11692,23384,Regular
1010,2024-01-10,East,Furniture,Sofa,4,26253,105012,New
1011,2024-01-11,North,Furniture,Chair,4,10571,42284,New
1012,2024-01-12,West,Clothing,T-Shirt,1,2327,2327,Premium
1013,2024-01-13,North,Clothing,Jacket,1,4814,4814,Premium
1014,2024-01-14,West,Electronics,Laptop,2,43952,87904,Regular
1015,2024-01-15,East,Electronics,Headphones,5,35818,179090,Premium
1016,2024-01-16,North,Electronics,Tablet,5,13110,65550,New
1017,2024-01-17,East,Furniture,Sofa,3,2206,6618,Premium
1018,2024-01-18,North,Clothing,T-Shirt,4,2057,8228,Premium
1019,2024-01-19,East,Clothing,T-Shirt,3,2022,6066,Regular
1020,2024-01-20,West,Furniture,Table,5,4693,23465,Regular
1021,2024-01-21,South,Furniture,Sofa,2,17707,35414,New
1022,2024-01-22,East,Electronics,Mobile,3,11776,35328,Regular
1023,2024-01-23,East,Clothing,T-Shirt,5,963,4815,Premium
1024,2024-01-24,East,Furniture,Bed,1,19675,19675,Regular
1025,2024-01-25,North,Clothing,T-Shirt,5,998,4990,Regular
1026,2024-01-26,South,Furniture,Bed,5,9392,46960,Regular
1027,2024-01-27,East,Electronics,Headphones,2,43559,87118,Premium
1028,2024-01-28,East,Electronics,Tablet,5,57083,285415,New
1029,2024-01-29,West,Electronics,Headphones,3,49357,148071,Premium
1030,2024-01-30,East,Clothing,Jeans,3,3211,9633,New
1031,2024-01-31,West,Electronics,Headphones,2,16111,32222,New
1032,2024-02-01,North,Electronics,Laptop,2,35306,70612,New
1033,2024-02-02,East,Furniture,Chair,4,31855,127420,New
1034,2024-02-03,West,Electronics,Tablet,3,20151,60453,Regular
1035,2024-02-04,West,Electronics,Headphones,4,17874,71496,Regular
1036,2024-02-05,West,Clothing,Shirt,1,3261,3261,Regular
1037,2024-02-06,West,Furniture,Table,3,30643,91929,New
1038,2024-02-07,West,Furniture,Chair,4,35986,143944,New
1039,2024-02-08,East,Clothing,Jacket,5,3654,18270,Regular
1040,2024-02-09,West,Electronics,Laptop,1,44790,44790,New
1041,2024-02-10,South,Clothing,Shirt,3,1543,4629,New
1042,2024-02-11,North,Furniture,Chair,3,35828,107484,New
1043,2024-02-12,North,Furniture,Chair,3,2190,6570,Premium
1044,2024-02-13,East,Electronics,Headphones,3,31641,94923,Regular
1045,2024-02-14,South,Furniture,Bed,2,12729,25458,New
1046,2024-02-15,South,Electronics,Mobile,3,17533,52599,Premium
1047,2024-02-16,North,Furniture,Chair,5,24009,120045,New
1048,2024-02-17,East,Electronics,Headphones,4,27386,109544,Regular
1049,2024-02-18,South,Clothing,T-Shirt,2,2015,4030,Regular
1050,2024-02-19,West,Clothing,Jeans,3,3424,10272,New
1051,2024-02-20,South,Clothing,Shirt,5,4664,23320,Regular
1052,2024-02-21,South,Furniture,Sofa,1,19214,19214,Premium
1053,2024-02-22,East,Furniture,Chair,2,7949,15898,New
1054,2024-02-23,West,Electronics,Mobile,2,34305,68610,Regular
1055,2024-02-24,West,Furniture,Bed,1,5343,5343,Premium
1056,2024-02-25,West,Electronics,Laptop,5,13130,65650,Premium
1057,2024-02-26,North,Electronics,Laptop,1,32932,32932,Regular
1058,2024-02-27,South,Furniture,Table,4,31899,127596,Regular
1059,2024-02-28,West,Electronics,Tablet,4,42220,168880,Premium
1060,2024-02-29,West,Furniture,Table,3,11823,35469,New
1061,2024-03-01,West,Electronics,Headphones,2,34168,68336,Regular
1062,2024-03-02,East,Clothing,Shirt,1,3038,3038,New
1063,2024-03-03,West,Clothing,T-Shirt,1,1366,1366,New
1064,2024-03-04,East,Electronics,Headphones,2,36996,73992,Premium
1065,2024-03-05,South,Electronics,Laptop,5,54049,270245,Regular
1066,2024-03-06,East,Clothing,T-Shirt,4,1816,7264,New
1067,2024-03-07,West,Electronics,Mobile,5,32384,161920,Premium
1068,2024-03-08,West,Electronics,Tablet,4,42841,171364,Premium
1069,2024-03-09,North,Furniture,Bed,5,38208,191040,Premium
1070,2024-03-10,West,Electronics,Tablet,1,51352,51352,New
1071,2024-03-11,North,Furniture,Chair,3,15923,47769,New
1072,2024-03-12,West,Clothing,Shirt,1,3082,3082,Premium
1073,2024-03-13,North,Furniture,Sofa,5,25576,127880,New
1074,2024-03-14,South,Clothing,Shirt,1,3282,3282,Premium
1075,2024-03-15,East,Furniture,Chair,3,10924,32772,Regular
1076,2024-03-16,North,Clothing,Shirt,1,2839,2839,New
1077,2024-03-17,South,Furniture,Sofa,5,29569,147845,New
1078,2024-03-18,North,Electronics,Mobile,3,33295,99885,Regular
1079,2024-03-19,South,Electronics,Tablet,1,6324,6324,Premium
1080,2024-03-20,South,Clothing,T-Shirt,4,4486,17944,Regular
1081,2024-03-21,South,Clothing,Jacket,3,1543,4629,Regular
1082,2024-03-22,North,Electronics,Tablet,1,47918,47918,Premium
1083,2024-03-23,North,Electronics,Mobile,1,42797,42797,New
1084,2024-03-24,East,Electronics,Tablet,5,25559,127795,New
1085,2024-03-25,North,Clothing,Jacket,4,1556,6224,Regular
1086,2024-03-26,East,Clothing,Jacket,1,3003,3003,New
1087,2024-03-27,West,Clothing,Shirt,2,657,1314,New
1088,2024-03-28,West,Furniture,Bed,4,21129,84516,New
1089,2024-03-29,West,Electronics,Headphones,3,52605,157815,New
1090,2024-03-30,North,Electronics,Laptop,3,57476,172428,Premium
1091,2024-03-31,North,Electronics,Laptop,2,24255,48510,Regular
1092,2024-04-01,East,Electronics,Laptop,1,28833,28833,Premium
1093,2024-04-02,North,Electronics,Mobile,1,23017,23017,New
1094,2024-04-03,South,Clothing,Jeans,4,1968,7872,Premium
1095,2024-04-04,North,Electronics,Tablet,5,8636,43180,New
1096,2024-04-05,North,Furniture,Chair,1,19100,19100,Regular
1097,2024-04-06,North,Clothing,Shirt,2,4663,9326,Regular
1098,2024-04-07,East,Electronics,Laptop,3,47808,143424,Premium
1099,2024-04-08,East,Clothing,T-Shirt,5,2422,12110,Premium
1100,2024-04-09,South,Furniture,Bed,4,8949,35796,Regular
1101,2024-04-10,South,Furniture,Sofa,3,19715,59145,New
1102,2024-04-11,West,Clothing,Shirt,2,437,874,New
1103,2024-04-12,South,Furniture,Chair,4,29169,116676,Premium
1104,2024-04-13,East,Clothing,Shirt,3,1060,3180,Premium
1105,2024-04-14,East,Clothing,Jacket,4,3566,14264,New
1106,2024-04-15,South,Furniture,Chair,2,25954,51908,New
1107,2024-04-16,South,Furniture,Chair,1,18907,18907,Regular
1108,2024-04-17,East,Electronics,Laptop,2,51892,103784,New
1109,2024-04-18,North,Furniture,Sofa,3,6432,19296,Premium
1110,2024-04-19,West,Electronics,Headphones,2,33699,67398,Regular
1111,2024-04-20,East,Electronics,Laptop,3,51391,154173,Regular
1112,2024-04-21,East,Clothing,Jacket,4,2206,8824,New
1113,2024-04-22,North,Clothing,T-Shirt,4,2276,9104,Premium
1114,2024-04-23,North,Furniture,Table,4,5596,22384,Regular
1115,2024-04-24,South,Clothing,T-Shirt,5,4506,22530,Regular
1116,2024-04-25,North,Clothing,Shirt,1,2772,2772,Regular
1117,2024-04-26,South,Furniture,Bed,2,12554,25108,New
1118,2024-04-27,South,Electronics,Mobile,5,32285,161425,Premium
1119,2024-04-28,West,Furniture,Sofa,1,26818,26818,New
1120,2024-04-29,West,Clothing,Jeans,2,4470,8940,Premium
1121,2024-04-30,East,Furniture,Table,1,20935,20935,Premium
1122,2024-05-01,West,Furniture,Sofa,5,8469,42345,Premium
1123,2024-05-02,South,Electronics,Headphones,1,44051,44051,New
1124,2024-05-03,South,Furniture,Sofa,4,22128,88512,Regular
1125,2024-05-04,West,Electronics,Tablet,2,7219,14438,New
1126,2024-05-05,East,Clothing,T-Shirt,1,2338,2338,Regular
1127,2024-05-06,South,Clothing,T-Shirt,5,535,2675,Regular
1128,2024-05-07,North,Electronics,Headphones,3,10256,30768,Regular
1129,2024-05-08,North,Electronics,Headphones,3,46832,140496,New
1130,2024-05-09,North,Electronics,Tablet,3,5077,15231,Regular
1131,2024-05-10,East,Electronics,Laptop,3,12804,38412,New
1132,2024-05-11,West,Electronics,Mobile,1,16246,16246,Premium
1133,2024-05-12,South,Clothing,Jacket,3,2335,7005,Premium
1134,2024-05-13,North,Clothing,Shirt,5,1420,7100,New
1135,2024-05-14,South,Clothing,Jacket,1,2945,2945,Regular
1136,2024-05-15,West,Electronics,Tablet,2,48872,97744,New
1137,2024-05-16,East,Electronics,Tablet,4,40659,162636,Premium
1138,2024-05-17,South,Clothing,Jacket,4,4406,17624,Regular
1139,2024-05-18,South,Furniture,Table,2,26938,53876,New
1140,2024-05-19,East,Furniture,Table,1,28215,28215,New
1141,2024-05-20,West,Electronics,Headphones,2,32632,65264,New
1142,2024-05-21,South,Furniture,Sofa,1,24116,24116,Regular
1143,2024-05-22,East,Furniture,Sofa,1,36622,36622,Premium
1144,2024-05-23,West,Clothing,T-Shirt,1,501,501,New
1145,2024-05-24,South,Electronics,Laptop,1,45738,45738,Premium
1146,2024-05-25,West,Furniture,Table,2,38368,76736,Premium
1147,2024-05-26,West,Clothing,Jeans,1,3872,3872,New
1148,2024-05-27,South,Electronics,Mobile,3,9757,29271,New
1149,2024-05-28,West,Electronics,Tablet,1,51163,51163,Regular
1150,2024-05-29,North,Furniture,Bed,5,11984,59920,Regular
1151,2024-05-30,South,Clothing,Jacket,3,2379,7137,New
1152,2024-05-31,East,Electronics,Mobile,5,29861,149305,Regular
1153,2024-06-01,South,Electronics,Laptop,3,53302,159906,Regular
1154,2024-06-02,East,Clothing,Jacket,4,1781,7124,Regular
1155,2024-06-03,South,Furniture,Bed,1,18438,18438,Premium
1156,2024-06-04,East,Electronics,Headphones,1,50368,50368,New
1157,2024-06-05,East,Furniture,Chair,5,26160,130800,Regular
1158,2024-06-06,West,Clothing,Shirt,3,1122,3366,Regular
1159,2024-06-07,East,Clothing,Jeans,1,3752,3752,New
1160,2024-06-08,South,Furniture,Table,1,24419,24419,Premium
1161,2024-06-09,South,Furniture,Sofa,4,16596,66384,Regular
1162,2024-06-10,South,Electronics,Laptop,5,12083,60415,Regular
1163,2024-06-11,South,Clothing,Jeans,1,3580,3580,New
1164,2024-06-12,West,Furniture,Chair,1,19685,19685,Regular
1165,2024-06-13,North,Furniture,Chair,5,18458,92290,Regular
1166,2024-06-14,East,Electronics,Laptop,2,44952,89904,New
1167,2024-06-15,East,Furniture,Table,5,17646,88230,Regular
1168,2024-06-16,North,Electronics,Mobile,5,13646,68230,Regular
1169,2024-06-17,South,Electronics,Headphones,2,41397,82794,Premium
1170,2024-06-18,North,Electronics,Tablet,5,16555,82775,Premium
1171,2024-06-19,West,Clothing,Shirt,4,3154,12616,Premium
1172,2024-06-20,West,Furniture,Table,5,23792,118960,Premium
1173,2024-06-21,East,Clothing,Jacket,4,4760,19040,Regular
1174,2024-06-22,North,Electronics,Laptop,2,6524,13048,New
1175,2024-06-23,South,Electronics,Mobile,3,23023,69069,New
1176,2024-06-24,East,Clothing,Jeans,2,3415,6830,Premium
1177,2024-06-25,North,Electronics,Mobile,1,54481,54481,Premium
1178,2024-06-26,North,Furniture,Bed,3,14254,42762,Premium
1179,2024-06-27,South,Electronics,Laptop,1,59539,59539,New
1180,2024-06-28,East,Electronics,Laptop,2,34711,69422,Regular
1181,2024-06-29,East,Electronics,Laptop,2,21774,43548,New
1182,2024-06-30,South,Clothing,Shirt,2,1800,3600,Premium
1183,2024-07-01,East,Furniture,Bed,3,19850,59550,New
1184,2024-07-02,North,Furniture,Sofa,3,32907,98721,Premium
1185,2024-07-03,North,Furniture,Sofa,4,30535,122140,Regular
1186,2024-07-04,South,Electronics,Mobile,2,53288,106576,Regular
1187,2024-07-05,East,Furniture,Sofa,3,2545,7635,Premium
1188,2024-07-06,East,Electronics,Mobile,2,53543,107086,Premium
1189,2024-07-07,West,Furniture,Bed,5,10436,52180,Premium
1190,2024-07-08,North,Electronics,Laptop,1,29574,29574,New
1191,2024-07-09,South,Furniture,Chair,3,35933,107799,Regular
1192,2024-07-10,East,Furniture,Table,5,27280,136400,New
1193,2024-07-11,North,Electronics,Headphones,4,36883,147532,Premium
1194,2024-07-12,East,Furniture,Sofa,3,36636,109908,New
1195,2024-07-13,South,Furniture,Table,3,19320,57960,Premium
1196,2024-07-14,North,Furniture,Chair,5,9214,46070,New
1197,2024-07-15,South,Clothing,Shirt,2,2214,4428,Premium
1198,2024-07-16,East,Furniture,Table,1,26578,26578,Regular
1199,2024-07-17,North,Electronics,Headphones,5,15222,76110,Regular
1200,2024-07-18,North,Clothing,T-Shirt,3,1518,4554,Regular
1201,2024-07-19,West,Furniture,Chair,1,17585,17585,Premium
1202,2024-07-20,South,Furniture,Bed,3,7295,21885,New
1203,2024-07-21,North,Electronics,Headphones,5,26452,132260,Premium
1204,2024-07-22,South,Furniture,Sofa,2,28572,57144,Premium
1205,2024-07-23,North,Electronics,Tablet,3,23088,69264,New
1206,2024-07-24,South,Furniture,Bed,3,24534,73602,New
1207,2024-07-25,South,Clothing,Jacket,2,3808,7616,Premium
1208,2024-07-26,East,Clothing,Jeans,4,1847,7388,Regular
1209,2024-07-27,East,Electronics,Laptop,3,6136,18408,Regular
1210,2024-07-28,South,Electronics,Tablet,3,52517,157551,Premium
1211,2024-07-29,West,Clothing,Jeans,5,2187,10935,Regular
1212,2024-07-30,North,Clothing,Shirt,1,1185,1185,Regular
1213,2024-07-31,North,Furniture,Bed,3,25821,77463,Premium
1214,2024-08-01,East,Clothing,Shirt,5,328,1640,New
1215,2024-08-02,South,Furniture,Sofa,3,31241,93723,Regular
1216,2024-08-03,East,Furniture,Chair,4,25650,102600,Premium
1217,2024-08-04,South,Electronics,Mobile,3,28411,85233,Premium
1218,2024-08-05,North,Clothing,Jacket,1,1288,1288,Premium
1219,2024-08-06,West,Electronics,Tablet,4,53901,215604,Regular
1220,2024-08-07,North,Clothing,Jeans,5,3356,16780,Regular
1221,2024-08-08,North,Clothing,Shirt,3,1284,3852,New
1222,2024-08-09,West,Electronics,Headphones,3,51765,155295,New
1223,2024-08-10,East,Furniture,Sofa,4,5224,20896,New
1224,2024-08-11,West,Furniture,Bed,4,10712,42848,Premium
1225,2024-08-12,East,Furniture,Table,5,37201,186005,New
1226,2024-08-13,South,Electronics,Headphones,5,31589,157945,Premium
1227,2024-08-14,West,Clothing,Jeans,3,3796,11388,Premium
1228,2024-08-15,South,Furniture,Sofa,1,10783,10783,Regular
1229,2024-08-16,East,Electronics,Laptop,1,32424,32424,Regular
1230,2024-08-17,South,Furniture,Sofa,2,12361,24722,Regular
1231,2024-08-18,East,Clothing,Shirt,1,616,616,Premium
1232,2024-08-19,West,Furniture,Chair,1,35320,35320,Regular
1233,2024-08-20,West,Furniture,Bed,3,28630,85890,Regular
1234,2024-08-21,East,Furniture,Table,2,35282,70564,Regular
1235,2024-08-22,South,Furniture,Bed,4,15612,62448,Premium
1236,2024-08-23,East,Clothing,Jeans,4,4104,16416,New
1237,2024-08-24,South,Clothing,Shirt,3,2289,6867,Premium
1238,2024-08-25,East,Furniture,Chair,1,16025,16025,New
1239,2024-08-26,South,Electronics,Laptop,1,35027,35027,New
1240,2024-08-27,West,Electronics,Headphones,4,30963,123852,Regular
1241,2024-08-28,South,Electronics,Tablet,1,11563,11563,Premium
1242,2024-08-29,South,Furniture,Bed,2,19778,39556,New
1243,2024-08-30,West,Clothing,T-Shirt,2,3891,7782,Regular
1244,2024-08-31,East,Clothing,Jeans,4,301,1204,New
1245,2024-09-01,West,Electronics,Laptop,5,9648,48240,New
1246,2024-09-02,East,Clothing,Jeans,1,3516,3516,New
1247,2024-09-03,West,Electronics,Headphones,2,58508,117016,New
1248,2024-09-04,West,Clothing,Jacket,3,569,1707,Regular
1249,2024-09-05,North,Electronics,Laptop,4,50917,203668,Premium
1250,2024-09-06,North,Electronics,Mobile,4,47267,189068,Premium
1251,2024-09-07,West,Electronics,Headphones,5,31928,159640,Premium
1252,2024-09-08,South,Clothing,Jeans,4,4253,17012,Regular
1253,2024-09-09,North,Electronics,Tablet,5,30619,153095,Premium
1254,2024-09-10,East,Clothing,Jeans,5,1308,6540,Regular
1255,2024-09-11,South,Furniture,Bed,5,3239,16195,New
1256,2024-09-12,East,Furniture,Chair,1,8638,8638,Regular
1257,2024-09-13,West,Clothing,Shirt,5,3093,15465,Premium
1258,2024-09-14,East,Furniture,Chair,1,25196,25196,Regular
1259,2024-09-15,South,Clothing,Jeans,1,2774,2774,Regular
1260,2024-09-16,West,Furniture,Table,1,38487,38487,New
1261,2024-09-17,East,Clothing,Shirt,1,3372,3372,Premium
1262,2024-09-18,South,Furniture,Chair,5,10125,50625,Regular
1263,2024-09-19,North,Furniture,Sofa,1,23592,23592,New
1264,2024-09-20,West,Clothing,T-Shirt,3,4889,14667,Regular
1265,2024-09-21,East,Clothing,Jeans,2,1300,2600,Premium
1266,2024-09-22,East,Electronics,Tablet,1,6367,6367,New
1267,2024-09-23,North,Furniture,Sofa,5,37643,188215,New
1268,2024-09-24,South,Clothing,Shirt,2,3189,6378,Regular
1269,2024-09-25,South,Electronics,Tablet,5,33441,167205,Regular
1270,2024-09-26,North,Electronics,Mobile,2,9760,19520,Premium
1271,2024-09-27,North,Clothing,Jacket,2,1304,2608,Premium
1272,2024-09-28,East,Clothing,Jacket,5,4446,22230,New
1273,2024-09-29,West,Electronics,Laptop,3,51881,155643,New
1274,2024-09-30,West,Furniture,Sofa,5,15467,77335,Regular
1275,2024-10-01,North,Furniture,Table,1,25171,25171,Regular
1276,2024-10-02,East,Clothing,Jacket,4,3954,15816,New
1277,2024-10-03,South,Furniture,Chair,2,26611,53222,Premium
1278,2024-10-04,North,Furniture,Chair,4,15673,62692,Premium
1279,2024-10-05,South,Furniture,Table,5,11435,57175,New
1280,2024-10-06,West,Clothing,Jeans,2,2931,5862,New
1281,2024-10-07,North,Furniture,Sofa,5,38451,192255,Regular
1282,2024-10-08,West,Clothing,Shirt,2,782,1564,Regular
1283,2024-10-09,East,Electronics,Tablet,5,54104,270520,Premium
1284,2024-10-10,North,Clothing,Shirt,3,1400,4200,New
1285,2024-10-11,East,Furniture,Chair,2,6358,12716,Regular
1286,2024-10-12,East,Furniture,Chair,1,31371,31371,Regular
1287,2024-10-13,West,Furniture,Table,5,14323,71615,Premium
1288,2024-10-14,East,Electronics,Headphones,1,15106,15106,New
1289,2024-10-15,East,Electronics,Headphones,2,10051,20102,New
1290,2024-10-16,East,Furniture,Bed,2,37196,74392,Regular
1291,2024-10-17,West,Furniture,Table,4,11686,46744,Regular
1292,2024-10-18,North,Furniture,Bed,5,12526,62630,Premium
1293,2024-10-19,West,Furniture,Table,1,31328,31328,Premium
1294,2024-10-20,West,Furniture,Chair,4,31301,125204,New
1295,2024-10-21,East,Electronics,Laptop,5,18395,91975,New
1296,2024-10-22,South,Electronics,Headphones,4,14715,58860,New
1297,2024-10-23,East,Clothing,Jeans,5,2796,13980,Premium
1298,2024-10-24,East,Furniture,Sofa,2,39174,78348,Regular
1299,2024-10-25,South,Clothing,Jacket,4,860,3440,Regular
1300,2024-10-26,East,Furniture,Chair,3,9629,28887,Premium
1301,2024-10-27,East,Furniture,Chair,5,8721,43605,Regular
1302,2024-10-28,North,Furniture,Bed,2,30937,61874,New
1303,2024-10-29,West,Furniture,Chair,4,7901,31604,Regular
1304,2024-10-30,South,Furniture,Chair,4,37298,149192,New
1305,2024-10-31,North,Electronics,Mobile,2,53519,107038,Premium
1306,2024-11-01,North,Electronics,Headphones,4,12967,51868,Premium
1307,2024-11-02,West,Furniture,Bed,2,37262,74524,New
1308,2024-11-03,South,Clothing,Jeans,2,2253,4506,New
1309,2024-11-04,East,Furniture,Table,3,28526,85578,Premium
1310,2024-11-05,East,Electronics,Tablet,5,10448,52240,Premium
1311,2024-11-06,East,Electronics,Headphones,4,39406,157624,New
1312,2024-11-07,North,Furniture,Sofa,2,34371,68742,Premium
1313,2024-11-08,North,Clothing,Jacket,4,2064,8256,Regular
1314,2024-11-09,South,Electronics,Laptop,2,29282,58564,Premium
1315,2024-11-10,North,Electronics,Laptop,2,10542,21084,Regular
1316,2024-11-11,West,Furniture,Chair,5,37153,185765,New
1317,2024-11-12,West,Clothing,T-Shirt,4,2655,10620,Premium
1318,2024-11-13,South,Electronics,Laptop,4,30121,120484,Premium
1319,2024-11-14,North,Electronics,Mobile,4,35620,142480,Regular
1320,2024-11-15,North,Electronics,Mobile,1,35911,35911,New
1321,2024-11-16,South,Electronics,Laptop,4,8631,34524,Regular
1322,2024-11-17,East,Furniture,Bed,4,27364,109456,Regular
1323,2024-11-18,West,Clothing,Jeans,1,4226,4226,New
1324,2024-11-19,North,Clothing,T-Shirt,4,1331,5324,New
1325,2024-11-20,East,Clothing,Jacket,1,707,707,New
1326,2024-11-21,West,Electronics,Headphones,5,33903,169515,Premium
1327,2024-11-22,South,Clothing,Jacket,3,1072,3216,Regular
1328,2024-11-23,West,Furniture,Table,4,19630,78520,New
1329,2024-11-24,South,Electronics,Laptop,2,30538,61076,Regular
1330,2024-11-25,South,Electronics,Mobile,1,25669,25669,New
1331,2024-11-26,West,Clothing,Shirt,2,1611,3222,Regular
1332,2024-11-27,North,Clothing,Jeans,1,4340,4340,Premium
1333,2024-11-28,West,Furniture,Bed,2,13889,27778,Regular
1334,2024-11-29,East,Electronics,Headphones,3,38453,115359,Regular
1335,2024-11-30,South,Furniture,Sofa,1,36964,36964,New
1336,2024-12-01,South,Furniture,Bed,4,30927,123708,Premium
1337,2024-12-02,East,Electronics,Laptop,4,33444,133776,Premium
1338,2024-12-03,South,Furniture,Sofa,3,22567,67701,Premium
1339,2024-12-04,East,Electronics,Mobile,1,13706,13706,Premium
1340,2024-12-05,South,Electronics,Laptop,4,14496,57984,New
1341,2024-12-06,South,Electronics,Tablet,1,43787,43787,Regular
1342,2024-12-07,South,Clothing,T-Shirt,2,1222,2444,New
1343,2024-12-08,South,Electronics,Mobile,4,24363,97452,New
1344,2024-12-09,West,Furniture,Table,1,25928,25928,Premium
1345,2024-12-10,East,Clothing,Jacket,3,2479,7437,New
1346,2024-12-11,East,Furniture,Bed,3,3828,11484,New
1347,2024-12-12,East,Furniture,Table,4,39804,159216,Premium
1348,2024-12-13,West,Electronics,Laptop,3,21087,63261,Regular
1349,2024-12-14,North,Furniture,Table,2,30731,61462,Premium
1350,2024-12-15,West,Furniture,Sofa,5,23817,119085,Premium
1351,2024-12-16,West,Electronics,Headphones,1,15720,15720,New
1352,2024-12-17,South,Clothing,Shirt,3,1319,3957,New
1353,2024-12-18,East,Electronics,Mobile,4,54811,219244,Regular
1354,2024-12-19,West,Clothing,Jeans,4,4997,19988,New
1355,2024-12-20,South,Electronics,Headphones,5,13329,66645,Regular
1356,2024-12-21,North,Furniture,Chair,1,20284,20284,Premium
1357,2024-12-22,North,Furniture,Sofa,2,31252,62504,New
1358,2024-12-23,South,Furniture,Bed,5,28201,141005,Premium
1359,2024-12-24,West,Clothing,Jeans,3,3684,11052,Regular
1360,2024-12-25,West,Electronics,Laptop,4,12531,50124,New
1361,2024-12-26,West,Electronics,Laptop,4,42481,169924,Premium
1362,2024-12-27,West,Clothing,Jacket,4,1205,4820,Regular
1363,2024-12-28,East,Clothing,Jeans,1,2019,2019,Regular
1364,2024-12-29,East,Furniture,Sofa,1,19073,19073,Premium
1365,2024-12-30,West,Furniture,Sofa,2,9927,19854,Premium
1366,2024-12-31,West,Clothing,T-Shirt,2,4259,8518,Regular
1367,2025-01-01,East,Electronics,Mobile,2,33228,66456,Premium
1368,2025-01-02,North,Electronics,Mobile,4,21376,85504,Regular
1369,2025-01-03,North,Electronics,Headphones,2,20352,40704,New
1370,2025-01-04,North,Electronics,Mobile,2,11171,22342,Premium
1371,2025-01-05,North,Furniture,Chair,1,14485,14485,Regular
1372,2025-01-06,West,Electronics,Mobile,2,19357,38714,Premium
1373,2025-01-07,South,Electronics,Tablet,4,13535,54140,Premium
1374,2025-01-08,South,Clothing,Jacket,1,4927,4927,Premium
1375,2025-01-09,West,Furniture,Bed,5,20133,100665,Regular
1376,2025-01-10,South,Clothing,T-Shirt,1,4167,4167,New
1377,2025-01-11,West,Clothing,Jeans,1,4270,4270,New
1378,2025-01-12,South,Furniture,Bed,3,28390,85170,Premium
1379,2025-01-13,West,Clothing,T-Shirt,3,3957,11871,New
1380,2025-01-14,West,Electronics,Mobile,1,26038,26038,Regular
1381,2025-01-15,West,Furniture,Bed,4,13531,54124,Premium
1382,2025-01-16,South,Electronics,Tablet,3,18937,56811,New
1383,2025-01-17,North,Electronics,Tablet,5,51971,259855,Regular
1384,2025-01-18,West,Furniture,Table,3,17149,51447,New
1385,2025-01-19,South,Clothing,T-Shirt,5,1223,6115,Regular
1386,2025-01-20,West,Clothing,Jacket,3,2700,8100,New
1387,2025-01-21,North,Furniture,Table,5,17036,85180,New
1388,2025-01-22,West,Furniture,Table,3,32090,96270,New
1389,2025-01-23,West,Electronics,Headphones,2,51037,102074,Regular
1390,2025-01-24,North,Furniture,Bed,5,27817,139085,New
1391,2025-01-25,South,Clothing,Shirt,2,4733,9466,Premium
1392,2025-01-26,East,Electronics,Tablet,1,11980,11980,Premium
1393,2025-01-27,East,Clothing,T-Shirt,4,1389,5556,Premium
1394,2025-01-28,East,Clothing,Jeans,1,4130,4130,Premium
1395,2025-01-29,North,Clothing,Shirt,2,1636,3272,New
1396,2025-01-30,North,Furniture,Bed,4,25952,103808,Premium
1397,2025-01-31,East,Electronics,Tablet,2,55290,110580,Premium
1398,2025-02-01,East,Furniture,Bed,4,11031,44124,Regular
1399,2025-02-02,West,Clothing,Jeans,3,723,2169,Regular
1400,2025-02-03,South,Furniture,Table,1,17282,17282,Premium
1401,2025-02-04,West,Electronics,Headphones,4,15412,61648,Premium
1402,2025-02-05,South,Electronics,Headphones,3,57142,171426,New
1403,2025-02-06,West,Electronics,Headphones,1,54437,54437,New
1404,2025-02-07,South,Furniture,Sofa,5,13240,66200,New
1405,2025-02-08,West,Clothing,Shirt,4,4308,17232,Premium
1406,2025-02-09,South,Clothing,Jacket,5,2779,13895,Premium
1407,2025-02-10,North,Clothing,Shirt,2,960,1920,New
1408,2025-02-11,North,Clothing,Shirt,1,3816,3816,Premium
1409,2025-02-12,East,Electronics,Laptop,1,51087,51087,Regular
1410,2025-02-13,West,Furniture,Sofa,1,28649,28649,New
1411,2025-02-14,East,Clothing,Jeans,4,4527,18108,Premium
1412,2025-02-15,West,Furniture,Bed,5,13093,65465,Regular
1413,2025-02-16,South,Clothing,Jacket,1,1410,1410,Regular
1414,2025-02-17,South,Furniture,Chair,2,8716,17432,Premium
1415,2025-02-18,North,Clothing,Shirt,2,1944,3888,Premium
1416,2025-02-19,South,Furniture,Sofa,5,7808,39040,New
1417,2025-02-20,East,Furniture,Bed,3,39755,119265,New
1418,2025-02-21,West,Electronics,Mobile,2,10482,20964,New
1419,2025-02-22,East,Electronics,Mobile,1,38623,38623,Premium
1420,2025-02-23,East,Electronics,Tablet,5,27207,136035,Premium
1421,2025-02-24,West,Electronics,Tablet,5,49199,245995,New
1422,2025-02-25,South,Electronics,Mobile,4,11588,46352,Premium
1423,2025-02-26,North,Furniture,Chair,1,15654,15654,Premium
1424,2025-02-27,North,Clothing,T-Shirt,4,1289,5156,Premium
1425,2025-02-28,West,Furniture,Chair,3,12651,37953,New
1426,2025-03-01,South,Electronics,Headphones,2,29306,58612,Premium
1427,2025-03-02,North,Electronics,Mobile,2,56649,113298,Regular
1428,2025-03-03,South,Furniture,Table,3,19154,57462,Premium
1429,2025-03-04,West,Electronics,Laptop,5,35373,176865,Regular
1430,2025-03-05,East,Electronics,Mobile,4,56618,226472,New
1431,2025-03-06,East,Clothing,Jeans,5,4444,22220,Premium
1432,2025-03-07,South,Electronics,Tablet,1,12461,12461,Premium
1433,2025-03-08,North,Furniture,Bed,3,26950,80850,Regular
1434,2025-03-09,East,Furniture,Table,4,36591,146364,Premium
1435,2025-03-10,West,Electronics,Tablet,3,52775,158325,New
1436,2025-03-11,North,Clothing,Jeans,4,3567,14268,New
1437,2025-03-12,East,Electronics,Tablet,4,10906,43624,Premium
1438,2025-03-13,West,Clothing,Jacket,3,2129,6387,New
1439,2025-03-14,West,Furniture,Bed,4,31504,126016,New
1440,2025-03-15,East,Electronics,Laptop,5,12069,60345,Premium
1441,2025-03-16,West,Electronics,Headphones,2,47138,94276,Premium
1442,2025-03-17,North,Furniture,Sofa,2,16138,32276,Regular
1443,2025-03-18,North,Furniture,Chair,2,24052,48104,Premium
1444,2025-03-19,North,Clothing,Jeans,4,2716,10864,New
1445,2025-03-20,West,Clothing,Jacket,4,1601,6404,New
1446,2025-03-21,South,Electronics,Mobile,1,6932,6932,New
1447,2025-03-22,North,Clothing,Jacket,3,1739,5217,Premium
1448,2025-03-23,West,Furniture,Chair,5,18766,93830,Premium
1449,2025-03-24,North,Clothing,Shirt,3,1603,4809,Premium
1450,2025-03-25,West,Electronics,Tablet,2,31762,63524,Regular
1451,2025-03-26,North,Furniture,Chair,2,14452,28904,New
1452,2025-03-27,North,Electronics,Mobile,4,31485,125940,Regular
1453,2025-03-28,North,Clothing,Jeans,5,2593,12965,Regular
1454,2025-03-29,West,Clothing,Jacket,4,1507,6028,New
1455,2025-03-30,East,Furniture,Table,4,34272,137088,Regular
1456,2025-03-31,North,Furniture,Sofa,2,9269,18538,Regular
1457,2025-04-01,North,Clothing,Jacket,3,4125,12375,Premium
1458,2025-04-02,East,Electronics,Laptop,3,33753,101259,Premium
1459,2025-04-03,North,Clothing,Shirt,5,2858,14290,New
1460,2025-04-04,North,Electronics,Mobile,1,20072,20072,New
1461,2025-04-05,South,Clothing,Jeans,5,3067,15335,Regular
1462,2025-04-06,South,Electronics,Laptop,3,41674,125022,New
1463,2025-04-07,East,Furniture,Chair,3,22536,67608,Regular
1464,2025-04-08,North,Furniture,Chair,3,5363,16089,New
1465,2025-04-09,West,Clothing,T-Shirt,5,2535,12675,New
1466,2025-04-10,East,Clothing,T-Shirt,4,3475,13900,New
1467,2025-04-11,East,Furniture,Table,4,36782,147128,Premium
1468,2025-04-12,North,Clothing,Jeans,4,2392,9568,Premium
1469,2025-04-13,South,Clothing,Jeans,2,2722,5444,Regular
1470,2025-04-14,South,Furniture,Bed,2,12350,24700,Premium
1471,2025-04-15,East,Clothing,Shirt,3,1888,5664,New
1472,2025-04-16,North,Electronics,Mobile,5,40596,202980,New
1473,2025-04-17,West,Furniture,Sofa,1,9190,9190,Regular
1474,2025-04-18,North,Furniture,Table,4,10244,40976,Premium
1475,2025-04-19,South,Clothing,Shirt,2,4345,8690,Regular
1476,2025-04-20,South,Furniture,Sofa,3,16027,48081,New
1477,2025-04-21,North,Furniture,Table,1,16087,16087,New
1478,2025-04-22,East,Electronics,Headphones,3,42496,127488,Regular
1479,2025-04-23,South,Furniture,Sofa,3,27682,83046,Premium
1480,2025-04-24,East,Electronics,Mobile,2,46430,92860,New
1481,2025-04-25,West,Clothing,Jeans,5,1228,6140,Premium
1482,2025-04-26,West,Electronics,Headphones,1,14821,14821,Premium
1483,2025-04-27,West,Clothing,Shirt,5,2887,14435,New
1484,2025-04-28,East,Clothing,Jacket,2,1191,2382,New
1485,2025-04-29,South,Electronics,Laptop,5,29972,149860,Premium
1486,2025-04-30,North,Furniture,Bed,1,12860,12860,New
1487,2025-05-01,North,Furniture,Chair,4,25554,102216,Regular
1488,2025-05-02,North,Furniture,Chair,4,35002,140008,New
1489,2025-05-03,South,Furniture,Table,2,30172,60344,Regular
1490,2025-05-04,North,Furniture,Chair,4,33881,135524,Premium
1491,2025-05-05,East,Clothing,Jeans,1,4936,4936,New
1492,2025-05-06,West,Furniture,Bed,2,22307,44614,Premium
1493,2025-05-07,South,Electronics,Headphones,4,7745,30980,Premium
1494,2025-05-08,West,Clothing,Jeans,1,3762,3762,New
1495,2025-05-09,East,Electronics,Mobile,2,56718,113436,New
1496,2025-05-10,East,Electronics,Tablet,4,58554,234216,New
1497,2025-05-11,North,Clothing,T-Shirt,5,4296,21480,New
1498,2025-05-12,West,Furniture,Table,4,35870,143480,Regular
1499,2025-05-13,East,Electronics,Tablet,5,31423,157115,Premium
1500,2025-05-14,South,Furniture,Chair,1,9659,9659,New
1501,2025-05-15,North,Furniture,Chair,2,25852,51704,Premium
1502,2025-05-16,West,Clothing,Shirt,3,3473,10419,Regular
1503,2025-05-17,North,Electronics,Tablet,1,58933,58933,Regular
1504,2025-05-18,South,Electronics,Headphones,4,52464,209856,Regular
1505,2025-05-19,South,Clothing,Jeans,5,3945,19725,Regular
1506,2025-05-20,South,Furniture,Table,2,3932,7864,Premium
1507,2025-05-21,East,Furniture,Table,5,13691,68455,New
1508,2025-05-22,South,Electronics,Headphones,3,31956,95868,New
1509,2025-05-23,North,Clothing,Shirt,3,656,1968,Regular
1510,2025-05-24,North,Clothing,Jacket,2,1182,2364,Premium
1511,2025-05-25,West,Electronics,Laptop,1,34290,34290,Regular
1512,2025-05-26,West,Furniture,Sofa,5,10199,50995,Premium
1513,2025-05-27,West,Furniture,Chair,3,33312,99936,Regular
1514,2025-05-28,North,Furniture,Chair,4,20852,83408,Regular
1515,2025-05-29,East,Clothing,Jacket,5,2669,13345,Premium
1516,2025-05-30,North,Furniture,Chair,3,39212,117636,New
1517,2025-05-31,South,Furniture,Bed,1,21702,21702,Premium
1518,2025-06-01,West,Electronics,Headphones,1,32228,32228,New
1519,2025-06-02,South,Furniture,Sofa,3,22058,66174,New
1520,2025-06-03,East,Furniture,Chair,4,12195,48780,Regular
1521,2025-06-04,East,Electronics,Laptop,1,20417,20417,Regular
1522,2025-06-05,North,Clothing,Jacket,1,1516,1516,Regular
1523,2025-06-06,East,Furniture,Bed,5,21164,105820,New
1524,2025-06-07,East,Clothing,Shirt,2,999,1998,Premium
1525,2025-06-08,South,Clothing,Jacket,2,4800,9600,Premium
1526,2025-06-09,North,Furniture,Bed,2,22700,45400,Premium
1527,2025-06-10,West,Clothing,Jeans,4,4870,19480,Regular
1528,2025-06-11,West,Clothing,Jacket,5,1690,8450,Premium
1529,2025-06-12,South,Clothing,T-Shirt,4,2883,11532,Premium
1530,2025-06-13,North,Furniture,Chair,1,38020,38020,New
1531,2025-06-14,West,Clothing,Jeans,5,4132,20660,Regular
1532,2025-06-15,North,Furniture,Chair,1,24918,24918,Premium
1533,2025-06-16,East,Clothing,Jeans,4,4382,17528,Premium
1534,2025-06-17,East,Electronics,Mobile,5,32990,164950,Premium
1535,2025-06-18,East,Furniture,Chair,3,32581,97743,Regular
1536,2025-06-19,East,Electronics,Laptop,5,23375,116875,Premium
1537,2025-06-20,North,Clothing,Jeans,2,4649,9298,New
1538,2025-06-21,West,Clothing,Shirt,2,3132,6264,Premium
1539,2025-06-22,North,Electronics,Tablet,5,16108,80540,Premium
1540,2025-06-23,East,Electronics,Tablet,4,38872,155488,Premium
1541,2025-06-24,North,Clothing,Jeans,1,466,466,Regular
1542,2025-06-25,North,Electronics,Mobile,2,18050,36100,New
1543,2025-06-26,North,Furniture,Table,4,37060,148240,Premium
1544,2025-06-27,North,Electronics,Headphones,5,39998,199990,Premium
1545,2025-06-28,East,Furniture,Sofa,4,35919,143676,Premium
1546,2025-06-29,North,Clothing,Shirt,2,3686,7372,Premium
1547,2025-06-30,North,Furniture,Chair,1,12578,12578,Premium
1548,2025-07-01,West,Furniture,Bed,5,3855,19275,Premium
1549,2025-07-02,East,Clothing,Jeans,1,2775,2775,Regular
1550,2025-07-03,East,Furniture,Sofa,1,13889,13889,Premium
1551,2025-07-04,North,Furniture,Bed,4,2112,8448,Premium
1552,2025-07-05,North,Electronics,Tablet,4,6424,25696,Regular
1553,2025-07-06,West,Electronics,Laptop,3,24488,73464,New
1554,2025-07-07,East,Clothing,Jeans,5,2906,14530,New
1555,2025-07-08,North,Electronics,Headphones,3,29703,89109,New
1556,2025-07-09,South,Furniture,Table,5,12561,62805,New
1557,2025-07-10,North,Furniture,Chair,5,16256,81280,Premium
1558,2025-07-11,South,Clothing,Jacket,2,507,1014,Regular
1559,2025-07-12,South,Furniture,Table,2,30890,61780,Premium
1560,2025-07-13,South,Electronics,Laptop,4,34267,137068,Regular
1561,2025-07-14,North,Electronics,Laptop,3,39510,118530,New
1562,2025-07-15,West,Furniture,Chair,3,20689,62067,New
1563,2025-07-16,West,Clothing,Jeans,1,3294,3294,New
1564,2025-07-17,East,Clothing,Shirt,4,1391,5564,New
1565,2025-07-18,North,Electronics,Headphones,3,6920,20760,Regular
1566,2025-07-19,South,Furniture,Bed,1,18753,18753,Regular
1567,2025-07-20,West,Clothing,Shirt,3,3642,10926,New
1568,2025-07-21,North,Clothing,T-Shirt,3,1159,3477,Premium
1569,2025-07-22,East,Electronics,Mobile,2,9017,18034,New
1570,2025-07-23,North,Electronics,Tablet,4,59318,237272,Regular
1571,2025-07-24,South,Electronics,Tablet,2,52399,104798,Premium
1572,2025-07-25,South,Furniture,Table,1,3551,3551,Premium
1573,2025-07-26,North,Furniture,Table,3,9610,28830,Regular
1574,2025-07-27,South,Clothing,Jeans,1,902,902,Premium
1575,2025-07-28,North,Furniture,Table,1,31061,31061,New
1576,2025-07-29,North,Furniture,Chair,1,14855,14855,Regular
1577,2025-07-30,West,Electronics,Laptop,3,10307,30921,Regular
1578,2025-07-31,South,Clothing,T-Shirt,4,362,1448,Premium
1579,2025-08-01,East,Furniture,Chair,5,33957,169785,New
1580,2025-08-02,East,Clothing,Jeans,4,1122,4488,Regular
1581,2025-08-03,North,Furniture,Table,1,33781,33781,New
1582,2025-08-04,East,Furniture,Bed,5,33174,165870,Premium
1583,2025-08-05,East,Clothing,Shirt,5,3815,19075,Regular
1584,2025-08-06,North,Clothing,T-Shirt,5,4227,21135,New
1585,2025-08-07,East,Clothing,Jeans,5,4709,23545,New
1586,2025-08-08,East,Electronics,Mobile,5,5136,25680,Premium
1587,2025-08-09,South,Furniture,Chair,5,12704,63520,New
1588,2025-08-10,West,Electronics,Tablet,5,33246,166230,Premium
1589,2025-08-11,South,Clothing,T-Shirt,1,896,896,New
1590,2025-08-12,South,Furniture,Bed,2,6757,13514,New
1591,2025-08-13,East,Furniture,Sofa,2,25501,51002,Premium
1592,2025-08-14,East,Furniture,Chair,2,28829,57658,Regular
1593,2025-08-15,South,Clothing,Jacket,4,3660,14640,New
1594,2025-08-16,South,Clothing,Jacket,2,2248,4496,Regular
1595,2025-08-17,East,Clothing,T-Shirt,1,4315,4315,New
1596,2025-08-18,West,Electronics,Mobile,5,16164,80820,Regular
1597,2025-08-19,East,Electronics,Tablet,5,20810,104050,New
1598,2025-08-20,East,Electronics,Mobile,1,44082,44082,Regular
1599,2025-08-21,West,Electronics,Laptop,4,47056,188224,New
1600,2025-08-22,North,Clothing,Shirt,3,1017,3051,Premium
1601,2025-08-23,North,Clothing,Jeans,1,4534,4534,Regular
1602,2025-08-24,South,Furniture,Chair,2,13999,27998,Regular
1603,2025-08-25,North,Clothing,T-Shirt,4,3172,12688,New
1604,2025-08-26,West,Furniture,Table,5,26565,132825,New
1605,2025-08-27,South,Clothing,Jeans,5,302,1510,Regular
1606,2025-08-28,South,Clothing,Jacket,4,3190,12760,Premium
1607,2025-08-29,West,Clothing,Shirt,3,1385,4155,New
1608,2025-08-30,West,Electronics,Headphones,4,22889,91556,New
1609,2025-08-31,East,Furniture,Table,5,34172,170860,Regular
1610,2025-09-01,North,Electronics,Tablet,5,59482,297410,Premium
1611,2025-09-02,South,Clothing,Shirt,1,3272,3272,New
1612,2025-09-03,South,Clothing,Jacket,3,1103,3309,New
1613,2025-09-04,East,Electronics,Laptop,2,24275,48550,Regular
1614,2025-09-05,South,Clothing,T-Shirt,5,1929,9645,Regular
1615,2025-09-06,West,Clothing,Jacket,1,3549,3549,Premium
1616,2025-09-07,South,Furniture,Sofa,2,33455,66910,Regular
1617,2025-09-08,North,Electronics,Tablet,3,56877,170631,New
1618,2025-09-09,East,Furniture,Chair,4,2922,11688,Regular
1619,2025-09-10,East,Furniture,Sofa,5,26031,130155,Regular
1620,2025-09-11,North,Furniture,Chair,4,18544,74176,New
1621,2025-09-12,West,Clothing,Jeans,5,1840,9200,Regular
1622,2025-09-13,West,Furniture,Bed,1,2365,2365,Premium
1623,2025-09-14,North,Electronics,Tablet,5,33901,169505,Regular
1624,2025-09-15,North,Electronics,Headphones,3,32923,98769,Premium
1625,2025-09-16,East,Clothing,Shirt,5,4746,23730,New
1626,2025-09-17,North,Electronics,Mobile,3,51067,153201,Premium
1627,2025-09-18,East,Furniture,Sofa,4,37618,150472,Regular
1628,2025-09-19,South,Furniture,Chair,4,38607,154428,Premium
1629,2025-09-20,North,Clothing,Shirt,5,4734,23670,New
1630,2025-09-21,East,Electronics,Tablet,3,15922,47766,New
1631,2025-09-22,North,Clothing,Jacket,3,2887,8661,Premium
1632,2025-09-23,West,Clothing,T-Shirt,3,2517,7551,Regular
1633,2025-09-24,East,Electronics,Laptop,3,58535,175605,Premium
1634,2025-09-25,North,Furniture,Table,3,38484,115452,Premium
1635,2025-09-26,East,Clothing,T-Shirt,1,1217,1217,New
1636,2025-09-27,South,Clothing,Shirt,1,4801,4801,Regular
1637,2025-09-28,North,Clothing,T-Shirt,5,1435,7175,Premium
1638,2025-09-29,South,Clothing,Jacket,4,4927,19708,Regular
1639,2025-09-30,South,Clothing,Shirt,2,3320,6640,New
1640,2025-10-01,West,Electronics,Laptop,2,58027,116054,Premium
1641,2025-10-02,West,Furniture,Bed,5,25513,127565,Premium
1642,2025-10-03,East,Furniture,Table,3,19359,58077,Premium
1643,2025-10-04,East,Electronics,Tablet,1,33850,33850,New
1644,2025-10-05,West,Clothing,Jacket,5,4156,20780,Regular
1645,2025-10-06,West,Furniture,Chair,3,36314,108942,Regular
1646,2025-10-07,South,Furniture,Sofa,4,34101,136404,Premium
1647,2025-10-08,West,Electronics,Headphones,3,31616,94848,Premium
1648,2025-10-09,West,Clothing,Jeans,5,4434,22170,New
1649,2025-10-10,East,Electronics,Mobile,4,56300,225200,Regular
1650,2025-10-11,West,Furniture,Sofa,2,36779,73558,Regular
1651,2025-10-12,East,Electronics,Headphones,2,6447,12894,Regular
1652,2025-10-13,North,Clothing,T-Shirt,1,2453,2453,Regular
1653,2025-10-14,East,Electronics,Laptop,5,10208,51040,New
1654,2025-10-15,West,Clothing,Jeans,5,2740,13700,Regular
1655,2025-10-16,West,Clothing,T-Shirt,2,746,1492,Regular
1656,2025-10-17,East,Clothing,Shirt,1,3259,3259,Premium
1657,2025-10-18,South,Clothing,T-Shirt,5,1552,7760,Premium
1658,2025-10-19,South,Electronics,Mobile,4,6881,27524,Premium
1659,2025-10-20,West,Electronics,Mobile,3,19821,59463,New
1660,2025-10-21,West,Furniture,Sofa,4,31932,127728,Regular
1661,2025-10-22,South,Electronics,Laptop,1,30805,30805,Premium
1662,2025-10-23,North,Clothing,Shirt,1,607,607,Premium
1663,2025-10-24,South,Electronics,Tablet,5,16001,80005,New
1664,2025-10-25,West,Electronics,Tablet,2,37369,74738,New
1665,2025-10-26,North,Electronics,Laptop,4,50536,202144,New
1666,2025-10-27,West,Furniture,Bed,2,22588,45176,Premium
1667,2025-10-28,West,Furniture,Sofa,3,26486,79458,New
1668,2025-10-29,South,Electronics,Headphones,2,15997,31994,Premium
1669,2025-10-30,South,Electronics,Headphones,2,39524,79048,New
1670,2025-10-31,East,Clothing,T-Shirt,5,3283,16415,Premium
1671,2025-11-01,West,Electronics,Headphones,2,41203,82406,Regular
1672,2025-11-02,West,Electronics,Mobile,4,40464,161856,Premium
1673,2025-11-03,North,Clothing,Jeans,1,1804,1804,Regular
1674,2025-11-04,East,Electronics,Mobile,3,20549,61647,Regular
1675,2025-11-05,West,Furniture,Sofa,3,24800,74400,Regular
1676,2025-11-06,South,Electronics,Mobile,5,33054,165270,Regular
1677,2025-11-07,North,Furniture,Chair,5,27074,135370,Premium
1678,2025-11-08,East,Clothing,Jacket,1,1773,1773,Premium
1679,2025-11-09,West,Clothing,Shirt,3,4369,13107,Regular
1680,2025-11-10,North,Furniture,Sofa,5,13939,69695,Regular
1681,2025-11-11,East,Electronics,Mobile,4,43134,172536,Regular
1682,2025-11-12,South,Clothing,Jeans,3,2261,6783,New
1683,2025-11-13,East,Clothing,Shirt,2,3863,7726,New
1684,2025-11-14,South,Clothing,Shirt,4,1698,6792,New
1685,2025-11-15,South,Electronics,Tablet,2,10698,21396,Regular
1686,2025-11-16,East,Furniture,Chair,2,34703,69406,Premium
1687,2025-11-17,East,Electronics,Tablet,2,24738,49476,New
1688,2025-11-18,South,Electronics,Headphones,2,18998,37996,Premium
1689,2025-11-19,South,Clothing,Shirt,1,4270,4270,New
1690,2025-11-20,North,Electronics,Headphones,1,5627,5627,Regular
1691,2025-11-21,South,Electronics,Tablet,2,5249,10498,New
1692,2025-11-22,East,Electronics,Headphones,1,21260,21260,Premium
1693,2025-11-23,West,Furniture,Chair,4,4773,19092,Premium
1694,2025-11-24,East,Furniture,Table,1,35776,35776,Premium
1695,2025-11-25,North,Electronics,Headphones,5,39484,197420,Regular
1696,2025-11-26,West,Electronics,Mobile,1,35266,35266,Premium
1697,2025-11-27,South,Furniture,Sofa,4,39707,158828,New
1698,2025-11-28,East,Clothing,Shirt,5,2804,14020,Premium
1699,2025-11-29,North,Furniture,Chair,2,3587,7174,Premium
1700,2025-11-30,North,Furniture,Bed,5,20816,104080,Premium
1701,2025-12-01,South,Furniture,Table,2,7454,14908,Regular
1702,2025-12-02,North,Clothing,T-Shirt,1,465,465,Regular
1703,2025-12-03,North,Electronics,Laptop,3,11509,34527,Premium
1704,2025-12-04,South,Furniture,Chair,2,9384,18768,Regular
1705,2025-12-05,South,Furniture,Sofa,2,11603,23206,New
1706,2025-12-06,East,Clothing,Shirt,4,4414,17656,Premium
1707,2025-12-07,West,Clothing,Shirt,3,2239,6717,Premium
1708,2025-12-08,East,Furniture,Bed,4,24908,99632,Premium
1709,2025-12-09,North,Furniture,Chair,3,11343,34029,Premium
1710,2025-12-10,South,Clothing,Jeans,4,4824,19296,New
1711,2025-12-11,East,Furniture,Sofa,3,30807,92421,Premium
1712,2025-12-12,East,Electronics,Tablet,5,55113,275565,Premium
1713,2025-12-13,South,Furniture,Chair,1,21229,21229,Regular
1714,2025-12-14,East,Furniture,Chair,5,18806,94030,Regular
1715,2025-12-15,West,Electronics,Tablet,5,15589,77945,New
1716,2025-12-16,South,Clothing,Jeans,2,1747,3494,New
1717,2025-12-17,East,Electronics,Laptop,4,46989,187956,Premium
1718,2025-12-18,North,Furniture,Sofa,3,15699,47097,New
1719,2025-12-19,South,Clothing,T-Shirt,3,4351,13053,Premium
1720,2025-12-20,East,Clothing,T-Shirt,3,2423,7269,Regular
1721,2025-12-21,East,Electronics,Laptop,1,19586,19586,Regular
1722,2025-12-22,North,Clothing,T-Shirt,5,4425,22125,Regular
1723,2025-12-23,North,Electronics,Headphones,1,6609,6609,Regular
1724,2025-12-24,West,Furniture,Table,1,27933,27933,Regular
1725,2025-12-25,East,Furniture,Sofa,3,8548,25644,New
1726,2025-12-26,East,Furniture,Bed,2,27553,55106,New
1727,2025-12-27,West,Clothing,Jeans,3,2181,6543,Regular
1728,2025-12-28,West,Electronics,Headphones,3,30006,90018,New
1729,2025-12-29,East,Clothing,Jeans,2,2630,5260,Premium
1730,2025-12-30,East,Clothing,Jacket,4,2089,8356,New
1731,2025-12-31,West,Clothing,T-Shirt,1,3328,3328,New
1732,2026-01-01,East,Furniture,Bed,4,31301,125204,New
1733,2026-01-02,North,Furniture,Sofa,2,36172,72344,Premium
1734,2026-01-03,West,Clothing,Shirt,4,3392,13568,New
1735,2026-01-04,South,Clothing,Jacket,4,1487,5948,Regular
1736,2026-01-05,South,Furniture,Chair,4,36578,146312,New
1737,2026-01-06,East,Clothing,Jeans,5,4319,21595,New
1738,2026-01-07,North,Clothing,Jacket,3,3706,11118,New
1739,2026-01-08,South,Furniture,Table,5,25165,125825,Regular
1740,2026-01-09,East,Electronics,Headphones,2,36308,72616,Regular
1741,2026-01-10,East,Furniture,Sofa,3,12068,36204,Premium
1742,2026-01-11,South,Electronics,Headphones,2,25666,51332,New
1743,2026-01-12,East,Furniture,Sofa,5,5178,25890,Premium
1744,2026-01-13,East,Electronics,Headphones,2,49910,99820,New
1745,2026-01-14,West,Electronics,Tablet,4,12135,48540,New
1746,2026-01-15,East,Furniture,Sofa,2,34535,69070,Regular
1747,2026-01-16,East,Clothing,Shirt,2,311,622,Regular
1748,2026-01-17,West,Clothing,T-Shirt,2,2377,4754,Regular
1749,2026-01-18,West,Electronics,Headphones,5,9873,49365,New
1750,2026-01-19,West,Electronics,Headphones,1,46513,46513,New
1751,2026-01-20,South,Furniture,Chair,4,24056,96224,Regular
1752,2026-01-21,North,Electronics,Laptop,4,10543,42172,Regular
1753,2026-01-22,East,Electronics,Laptop,4,12206,48824,Regular
1754,2026-01-23,West,Clothing,Jeans,1,826,826,New
1755,2026-01-24,North,Electronics,Tablet,5,58129,290645,Regular
1756,2026-01-25,North,Furniture,Table,2,31845,63690,Regular
1757,2026-01-26,North,Furniture,Sofa,5,4776,23880,New
1758,2026-01-27,West,Furniture,Table,3,10044,30132,Premium
1759,2026-01-28,South,Electronics,Headphones,5,10581,52905,New
1760,2026-01-29,North,Electronics,Tablet,5,19022,95110,Regular
1761,2026-01-30,East,Clothing,Shirt,2,671,1342,Premium
1762,2026-01-31,West,Furniture,Sofa,3,36036,108108,Premium
1763,2026-02-01,North,Furniture,Table,5,18709,93545,Premium
1764,2026-02-02,North,Furniture,Table,5,39371,196855,Premium
1765,2026-02-03,South,Electronics,Headphones,4,51934,207736,Premium
1766,2026-02-04,East,Electronics,Laptop,2,7575,15150,New
1767,2026-02-05,West,Clothing,Jeans,5,4296,21480,Regular
1768,2026-02-06,West,Electronics,Headphones,3,8744,26232,New
1769,2026-02-07,North,Clothing,Shirt,3,470,1410,New
1770,2026-02-08,North,Electronics,Laptop,4,48059,192236,Regular
1771,2026-02-09,East,Clothing,Jacket,4,4123,16492,Regular
1772,2026-02-10,West,Clothing,Jacket,5,4606,23030,Premium
1773,2026-02-11,South,Clothing,Shirt,3,3153,9459,Premium
1774,2026-02-12,North,Clothing,Shirt,4,1543,6172,Premium
1775,2026-02-13,South,Clothing,Shirt,3,2193,6579,Premium
1776,2026-02-14,North,Clothing,T-Shirt,5,2212,11060,New
1777,2026-02-15,East,Electronics,Laptop,1,48123,48123,New
1778,2026-02-16,East,Clothing,Jeans,2,2776,5552,Regular
1779,2026-02-17,North,Clothing,Jacket,1,1377,1377,Premium
1780,2026-02-18,East,Electronics,Headphones,3,30373,91119,Regular
1781,2026-02-19,South,Furniture,Bed,5,16414,82070,Regular
1782,2026-02-20,West,Clothing,Jacket,5,4817,24085,Premium
1783,2026-02-21,South,Electronics,Laptop,1,33369,33369,Regular
1784,2026-02-22,North,Electronics,Tablet,5,16569,82845,New
1785,2026-02-23,West,Furniture,Bed,1,10693,10693,New
1786,2026-02-24,West,Clothing,Jeans,2,4686,9372,New
1787,2026-02-25,North,Clothing,Shirt,2,2169,4338,Regular
1788,2026-02-26,West,Electronics,Headphones,3,13750,41250,New
1789,2026-02-27,South,Electronics,Tablet,2,29495,58990,Regular
1790,2026-02-28,East,Furniture,Sofa,2,8411,16822,Premium
1791,2026-03-01,South,Electronics,Mobile,2,15073,30146,Regular
1792,2026-03-02,South,Furniture,Sofa,5,12846,64230,New
1793,2026-03-03,North,Furniture,Table,3,35672,107016,Premium
1794,2026-03-04,West,Electronics,Mobile,3,39493,118479,Regular
1795,2026-03-05,North,Furniture,Sofa,3,28347,85041,Regular
1796,2026-03-06,East,Electronics,Headphones,3,20966,62898,Regular
1797,2026-03-07,East,Electronics,Laptop,5,43871,219355,Regular
1798,2026-03-08,East,Furniture,Chair,1,11782,11782,Regular
1799,2026-03-09,South,Clothing,Shirt,4,564,2256,New
1800,2026-03-10,West,Furniture,Bed,5,32916,164580,Premium
1801,2026-03-11,East,Furniture,Sofa,2,2924,5848,Premium
1802,2026-03-12,South,Clothing,Jeans,4,334,1336,Premium
1803,2026-03-13,West,Furniture,Chair,5,21522,107610,Premium
1804,2026-03-14,West,Furniture,Bed,4,31122,124488,Premium
1805,2026-03-15,East,Electronics,Tablet,1,58051,58051,Premium
1806,2026-03-16,North,Clothing,Jeans,2,3779,7558,New
1807,2026-03-17,North,Electronics,Laptop,3,55383,166149,New
1808,2026-03-18,South,Furniture,Bed,1,28299,28299,Regular
1809,2026-03-19,East,Electronics,Headphones,1,41630,41630,New
1810,2026-03-20,East,Clothing,T-Shirt,2,3815,7630,New
1811,2026-03-21,West,Clothing,Shirt,3,4863,14589,New
1812,2026-03-22,East,Furniture,Chair,2,16287,32574,Regular
1813,2026-03-23,East,Electronics,Mobile,5,53664,268320,Regular
1814,2026-03-24,West,Furniture,Table,5,6270,31350,Premium
1815,2026-03-25,East,Electronics,Laptop,1,57662,57662,New
1816,2026-03-26,North,Furniture,Table,5,11943,59715,Premium
1817,2026-03-27,West,Clothing,Jacket,3,4103,12309,Premium
1818,2026-03-28,East,Electronics,Tablet,4,57090,228360,Regular
1819,2026-03-29,East,Electronics,Laptop,4,27837,111348,New
1820,2026-03-30,North,Furniture,Bed,4,38854,155416,Regular
1821,2026-03-31,West,Electronics,Mobile,1,15304,15304,Premium
1822,2026-04-01,North,Clothing,Jacket,5,3834,19170,New
1823,2026-04-02,East,Electronics,Tablet,3,26292,78876,Premium
1824,2026-04-03,South,Clothing,Jeans,2,2694,5388,Premium
1825,2026-04-04,West,Electronics,Mobile,5,21184,105920,New
1826,2026-04-05,North,Electronics,Mobile,4,52204,208816,New
1827,2026-04-06,East,Furniture,Chair,2,10488,20976,New
1828,2026-04-07,West,Electronics,Laptop,5,47058,235290,Premium
1829,2026-04-08,West,Clothing,T-Shirt,3,4541,13623,New
1830,2026-04-09,North,Electronics,Headphones,5,55210,276050,New
1831,2026-04-10,North,Furniture,Sofa,2,32607,65214,Premium
1832,2026-04-11,North,Clothing,Jacket,1,3188,3188,Regular
1833,2026-04-12,South,Clothing,T-Shirt,2,1762,3524,Regular
1834,2026-04-13,East,Electronics,Mobile,5,45581,227905,Premium
1835,2026-04-14,West,Furniture,Table,1,23435,23435,New
1836,2026-04-15,North,Electronics,Tablet,4,50246,200984,Regular
1837,2026-04-16,West,Electronics,Headphones,3,11008,33024,Premium
1838,2026-04-17,East,Furniture,Sofa,2,37340,74680,New
1839,2026-04-18,West,Clothing,Shirt,1,1487,1487,New
1840,2026-04-19,South,Electronics,Laptop,4,29648,118592,Premium
1841,2026-04-20,East,Clothing,Shirt,5,2544,12720,Premium
1842,2026-04-21,North,Electronics,Tablet,2,30363,60726,Regular
1843,2026-04-22,East,Electronics,Mobile,2,16110,32220,Regular
1844,2026-04-23,West,Clothing,Jeans,3,3233,9699,New
1845,2026-04-24,South,Clothing,Jeans,3,1690,5070,New
1846,2026-04-25,West,Clothing,T-Shirt,4,3217,12868,Premium
1847,2026-04-26,South,Furniture,Sofa,1,19551,19551,Premium
1848,2026-04-27,East,Furniture,Bed,4,3577,14308,New
1849,2026-04-28,South,Electronics,Tablet,3,20881,62643,Regular
1850,2026-04-29,South,Clothing,Jeans,5,2678,13390,Premium
1851,2026-04-30,North,Clothing,Jeans,2,1489,2978,Regular
1852,2026-05-01,South,Clothing,Jeans,5,2194,10970,Premium
1853,2026-05-02,North,Clothing,Shirt,3,1944,5832,New
1854,2026-05-03,East,Clothing,Shirt,4,915,3660,Premium
1855,2026-05-04,East,Electronics,Tablet,4,8158,32632,New
1856,2026-05-05,West,Electronics,Tablet,1,33386,33386,Premium
1857,2026-05-06,North,Clothing,Jeans,3,1691,5073,New
1858,2026-05-07,East,Clothing,Jacket,1,3869,3869,Premium
1859,2026-05-08,East,Furniture,Sofa,2,26327,52654,Regular
1860,2026-05-09,North,Clothing,T-Shirt,1,651,651,Regular
1861,2026-05-10,North,Electronics,Mobile,1,46505,46505,New
1862,2026-05-11,North,Furniture,Table,5,5775,28875,Regular
1863,2026-05-12,South,Furniture,Bed,3,33105,99315,New
1864,2026-05-13,West,Electronics,Mobile,5,55197,275985,Regular
1865,2026-05-14,East,Furniture,Bed,1,25824,25824,Regular
1866,2026-05-15,West,Electronics,Tablet,2,46821,93642,Premium
1867,2026-05-16,East,Electronics,Mobile,1,44620,44620,Regular
1868,2026-05-17,South,Furniture,Table,2,11637,23274,New
1869,2026-05-18,North,Furniture,Sofa,1,2215,2215,Regular
1870,2026-05-19,South,Clothing,Jacket,3,2631,7893,New
1871,2026-05-20,West,Clothing,Shirt,4,3221,12884,New
1872,2026-05-21,East,Electronics,Headphones,2,40509,81018,Premium
1873,2026-05-22,South,Electronics,Laptop,1,51158,51158,Premium
1874,2026-05-23,East,Furniture,Table,2,38547,77094,Regular
1875,2026-05-24,South,Furniture,Sofa,2,30464,60928,Premium
1876,2026-05-25,South,Electronics,Mobile,2,56720,113440,Premium
1877,2026-05-26,West,Furniture,Bed,1,2240,2240,Premium
1878,2026-05-27,South,Clothing,Jacket,1,910,910,Regular
1879,2026-05-28,East,Electronics,Laptop,3,49243,147729,New
1880,2026-05-29,East,Furniture,Table,1,4159,4159,Regular
1881,2026-05-30,East,Electronics,Laptop,1,6230,6230,Premium
1882,2026-05-31,North,Clothing,T-Shirt,4,3485,13940,New
1883,2026-06-01,East,Electronics,Mobile,5,11464,57320,New
1884,2026-06-02,West,Electronics,Headphones,4,37634,150536,Regular
1885,2026-06-03,East,Electronics,Headphones,2,43591,87182,Premium
1886,2026-06-04,West,Clothing,Shirt,5,1304,6520,Regular
1887,2026-06-05,North,Furniture,Bed,3,26700,80100,Regular
1888,2026-06-06,East,Furniture,Bed,1,10320,10320,New
1889,2026-06-07,East,Furniture,Table,3,16380,49140,Premium
1890,2026-06-08,North,Furniture,Chair,4,8937,35748,Premium
1891,2026-06-09,South,Clothing,T-Shirt,5,4994,24970,Premium
1892,2026-06-10,North,Furniture,Chair,2,37228,74456,New
1893,2026-06-11,North,Electronics,Tablet,3,31655,94965,New
1894,2026-06-12,South,Electronics,Laptop,4,47719,190876,Premium
1895,2026-06-13,South,Furniture,Table,4,9099,36396,Premium
1896,2026-06-14,West,Clothing,Jacket,2,4451,8902,New
1897,2026-06-15,South,Clothing,Jeans,3,4203,12609,Premium
1898,2026-06-16,East,Furniture,Table,2,24641,49282,New
1899,2026-06-17,North,Clothing,Shirt,2,2421,4842,New
1900,2026-06-18,West,Clothing,T-Shirt,1,4761,4761,New
1901,2026-06-19,West,Electronics,Headphones,5,9920,49600,Regular
1902,2026-06-20,South,Electronics,Headphones,1,34968,34968,Regular
1903,2026-06-21,South,Clothing,T-Shirt,5,451,2255,New
1904,2026-06-22,South,Electronics,Laptop,2,5495,10990,New
1905,2026-06-23,East,Electronics,Laptop,1,37924,37924,New
1906,2026-06-24,East,Electronics,Tablet,3,45718,137154,Regular
1907,2026-06-25,North,Furniture,Chair,2,9853,19706,Regular
1908,2026-06-26,West,Electronics,Tablet,2,16049,32098,New
1909,2026-06-27,South,Electronics,Headphones,3,43762,131286,Premium
1910,2026-06-28,North,Electronics,Laptop,4,34079,136316,New
1911,2026-06-29,West,Furniture,Table,2,5228,10456,Regular
1912,2026-06-30,East,Clothing,T-Shirt,3,1657,4971,New
1913,2026-07-01,North,Furniture,Chair,5,5010,25050,Regular
1914,2026-07-02,South,Clothing,Jeans,4,1463,5852,New
1915,2026-07-03,South,Electronics,Laptop,2,31905,63810,Regular
1916,2026-07-04,East,Electronics,Tablet,5,52894,264470,Regular
1917,2026-07-05,West,Clothing,Jacket,4,377,1508,Premium
1918,2026-07-06,West,Furniture,Bed,5,23637,118185,Regular
1919,2026-07-07,West,Furniture,Bed,4,32429,129716,Premium
1920,2026-07-08,East,Clothing,Jeans,4,1115,4460,Premium
1921,2026-07-09,North,Electronics,Tablet,3,17665,52995,New
1922,2026-07-10,North,Clothing,Jacket,5,1472,7360,Premium
1923,2026-07-11,East,Furniture,Bed,2,21324,42648,Regular
1924,2026-07-12,South,Clothing,Jeans,2,2466,4932,Regular
1925,2026-07-13,East,Electronics,Laptop,2,6936,13872,Premium
1926,2026-07-14,North,Electronics,Headphones,4,51476,205904,Regular
1927,2026-07-15,South,Electronics,Tablet,2,8083,16166,Regular
1928,2026-07-16,South,Electronics,Tablet,3,57670,173010,Premium
1929,2026-07-17,West,Electronics,Headphones,2,34140,68280,New
1930,2026-07-18,West,Furniture,Bed,2,11045,22090,Regular
1931,2026-07-19,North,Furniture,Sofa,4,8998,35992,New
1932,2026-07-20,South,Furniture,Table,5,14373,71865,Premium
1933,2026-07-21,North,Furniture,Table,1,11111,11111,New
1934,2026-07-22,North,Furniture,Sofa,1,26503,26503,Regular
1935,2026-07-23,North,Clothing,Jeans,1,4165,4165,Premium
1936,2026-07-24,East,Clothing,Jeans,1,2923,2923,New
1937,2026-07-25,South,Electronics,Laptop,2,36406,72812,Premium
1938,2026-07-26,South,Clothing,Jeans,5,4264,21320,New
1939,2026-07-27,North,Furniture,Sofa,4,17577,70308,Premium
1940,2026-07-28,South,Electronics,Headphones,1,21195,21195,New
1941,2026-07-29,West,Furniture,Sofa,2,24223,48446,Regular
1942,2026-07-30,South,Electronics,Mobile,2,25536,51072,Regular
1943,2026-07-31,South,Furniture,Chair,3,4663,13989,Regular
1944,2026-08-01,North,Clothing,Shirt,2,2936,5872,Regular
1945,2026-08-02,West,Furniture,Sofa,5,15515,77575,New
1946,2026-08-03,North,Clothing,T-Shirt,5,3192,15960,New
1947,2026-08-04,West,Furniture,Table,2,3798,7596,Premium
1948,2026-08-05,North,Clothing,Jacket,4,4421,17684,New
1949,2026-08-06,East,Clothing,T-Shirt,5,4614,23070,New
1950,2026-08-07,West,Clothing,Jacket,5,4752,23760,New
1951,2026-08-08,West,Electronics,Headphones,5,32573,162865,Premium
1952,2026-08-09,North,Electronics,Laptop,2,23252,46504,Regular
1953,2026-08-10,North,Furniture,Sofa,2,37651,75302,Premium
1954,2026-08-11,East,Electronics,Headphones,5,30343,151715,New
1955,2026-08-12,East,Clothing,Jeans,5,4577,22885,Regular
1956,2026-08-13,West,Furniture,Bed,2,31475,62950,Regular
1957,2026-08-14,South,Electronics,Tablet,1,54724,54724,Premium
1958,2026-08-15,North,Electronics,Tablet,2,58352,116704,New
1959,2026-08-16,South,Clothing,T-Shirt,2,3440,6880,Regular
1960,2026-08-17,South,Electronics,Tablet,2,23799,47598,Regular
1961,2026-08-18,South,Clothing,Jeans,1,1218,1218,New
1962,2026-08-19,West,Clothing,T-Shirt,4,4867,19468,Premium
1963,2026-08-20,West,Furniture,Sofa,3,34353,103059,New
1964,2026-08-21,West,Furniture,Bed,1,9054,9054,Regular
1965,2026-08-22,North,Clothing,Jeans,1,1634,1634,Premium
1966,2026-08-23,North,Clothing,Jeans,5,3357,16785,New
1967,2026-08-24,West,Clothing,Jeans,5,1167,5835,Premium
1968,2026-08-25,South,Electronics,Headphones,1,11571,11571,Regular
1969,2026-08-26,East,Electronics,Mobile,5,49921,249605,Premium
1970,2026-08-27,South,Electronics,Headphones,1,22264,22264,New
1971,2026-08-28,East,Electronics,Mobile,1,50124,50124,New
1972,2026-08-29,North,Furniture,Sofa,3,16157,48471,Premium
1973,2026-08-30,North,Electronics,Headphones,2,20979,41958,New
1974,2026-08-31,East,Clothing,Jeans,3,3609,10827,Regular
1975,2026-09-01,South,Furniture,Chair,4,33351,133404,Premium
1976,2026-09-02,North,Furniture,Chair,5,3407,17035,Premium
1977,2026-09-03,South,Furniture,Chair,3,27752,83256,New
1978,2026-09-04,North,Clothing,Shirt,4,4237,16948,Premium
1979,2026-09-05,North,Clothing,Jeans,3,2548,7644,New
1980,2026-09-06,East,Furniture,Sofa,3,10070,30210,Regular
1981,2026-09-07,East,Furniture,Sofa,4,27616,110464,Regular
1982,2026-09-08,South,Clothing,Jeans,4,4818,19272,New
1983,2026-09-09,West,Furniture,Sofa,1,26099,26099,Regular
1984,2026-09-10,North,Electronics,Mobile,4,52299,209196,Premium
1985,2026-09-11,South,Furniture,Chair,2,19106,38212,New
1986,2026-09-12,North,Furniture,Bed,3,23782,71346,Premium
1987,2026-09-13,South,Electronics,Tablet,4,55071,220284,Premium
1988,2026-09-14,North,Clothing,T-Shirt,4,2780,11120,New
1989,2026-09-15,South,Furniture,Sofa,3,4939,14817,Premium
1990,2026-09-16,West,Furniture,Sofa,1,31777,31777,Regular
1991,2026-09-17,West,Clothing,Jeans,2,1725,3450,Regular
1992,2026-09-18,East,Clothing,Jacket,1,1578,1578,Premium
1993,2026-09-19,West,Furniture,Chair,4,8310,33240,New
1994,2026-09-20,West,Furniture,Sofa,4,29301,117204,Premium
1995,2026-09-21,South,Electronics,Mobile,1,10470,10470,Regular
1996,2026-09-22,West,Clothing,Jeans,2,2364,4728,Premium
1997,2026-09-23,East,Furniture,Chair,3,4042,12126,Premium
1998,2026-09-24,East,Furniture,Table,2,30716,61432,Regular
1999,2026-09-25,South,Furniture,Bed,2,10177,20354,Regular
2000,2026-09-26,West,Clothing,Jacket,5,4205,21025,Regular
2001,2026-09-27,East,Clothing,Shirt,1,4276,4276,New
2002,2026-09-28,West,Clothing,T-Shirt,4,4654,18616,New
2003,2026-09-29,West,Electronics,Headphones,3,47462,142386,New
2004,2026-09-30,North,Furniture,Table,5,15731,78655,Premium
2005,2026-10-01,South,Electronics,Mobile,2,8832,17664,Premium
2006,2026-10-02,South,Clothing,Jeans,3,3815,11445,New
2007,2026-10-03,West,Clothing,Jacket,5,1848,9240,Regular
2008,2026-10-04,North,Electronics,Mobile,5,10666,53330,Regular
2009,2026-10-05,East,Clothing,Jeans,5,2509,12545,Premium
2010,2026-10-06,East,Clothing,T-Shirt,5,4180,20900,New
2011,2026-10-07,South,Furniture,Table,1,5990,5990,Regular
2012,2026-10-08,West,Furniture,Bed,1,11979,11979,New
2013,2026-10-09,East,Electronics,Headphones,1,25245,25245,Regular
2014,2026-10-10,East,Furniture,Table,5,9645,48225,Regular
2015,2026-10-11,South,Clothing,Jeans,3,2363,7089,Regular
2016,2026-10-12,North,Clothing,Jeans,4,2232,8928,Premium
2017,2026-10-13,South,Electronics,Tablet,4,19516,78064,New
2018,2026-10-14,North,Clothing,Jeans,2,2897,5794,Premium
2019,2026-10-15,West,Furniture,Chair,2,2350,4700,New
2020,2026-10-16,West,Furniture,Chair,2,25590,51180,Premium
2021,2026-10-17,East,Electronics,Laptop,2,43090,86180,Premium
2022,2026-10-18,East,Furniture,Table,2,6042,12084,New
2023,2026-10-19,East,Clothing,Jacket,3,4676,14028,Regular
2024,2026-10-20,West,Clothing,Jacket,3,4521,13563,New
2025,2026-10-21,East,Furniture,Chair,1,2229,2229,Regular
2026,2026-10-22,East,Furniture,Bed,4,28708,114832,Regular
2027,2026-10-23,South,Electronics,Tablet,2,33036,66072,Regular
2028,2026-10-24,East,Clothing,Shirt,2,4666,9332,New
2029,2026-10-25,West,Electronics,Tablet,4,35766,143064,Premium
2030,2026-10-26,South,Clothing,T-Shirt,2,3461,6922,Regular
2031,2026-10-27,West,Clothing,Jeans,1,3570,3570,Regular
2032,2026-10-28,West,Electronics,Headphones,3,34685,104055,Regular
2033,2026-10-29,West,Furniture,Sofa,2,27993,55986,New
2034,2026-10-30,South,Furniture,Chair,1,33836,33836,Regular
2035,2026-10-31,East,Clothing,Jeans,5,3620,18100,Premium
2036,2026-11-01,West,Electronics,Laptop,5,55992,279960,Premium
2037,2026-11-02,South,Electronics,Mobile,2,49678,99356,Regular
2038,2026-11-03,West,Furniture,Chair,1,17958,17958,New
2039,2026-11-04,South,Furniture,Chair,3,27212,81636,New
2040,2026-11-05,West,Furniture,Table,2,5670,11340,Regular
2041,2026-11-06,East,Electronics,Headphones,4,28104,112416,New
2042,2026-11-07,East,Electronics,Headphones,5,24933,124665,Premium
2043,2026-11-08,West,Furniture,Bed,4,37660,150640,Premium
2044,2026-11-09,East,Furniture,Sofa,4,30647,122588,New
2045,2026-11-10,East,Clothing,Jeans,1,2053,2053,Premium
2046,2026-11-11,East,Electronics,Tablet,5,23825,119125,New
2047,2026-11-12,East,Furniture,Table,3,30930,92790,New
2048,2026-11-13,West,Furniture,Chair,5,34334,171670,Regular
2049,2026-11-14,West,Electronics,Headphones,4,55508,222032,Regular
2050,2026-11-15,South,Furniture,Bed,1,3752,3752,Premium
2051,2026-11-16,North,Electronics,Mobile,3,49565,148695,New
2052,2026-11-17,South,Electronics,Headphones,4,31691,126764,Regular
2053,2026-11-18,East,Electronics,Laptop,2,6044,12088,New
2054,2026-11-19,South,Furniture,Table,5,39534,197670,Regular
2055,2026-11-20,South,Furniture,Sofa,1,22409,22409,Premium
2056,2026-11-21,North,Clothing,Shirt,2,4535,9070,Premium
2057,2026-11-22,South,Furniture,Sofa,4,30036,120144,Regular
2058,2026-11-23,North,Furniture,Sofa,1,22104,22104,Regular
2059,2026-11-24,North,Electronics,Laptop,1,47012,47012,Premium
2060,2026-11-25,West,Electronics,Headphones,2,50809,101618,Premium
2061,2026-11-26,South,Furniture,Sofa,3,22541,67623,New
2062,2026-11-27,North,Furniture,Table,2,25097,50194,New
2063,2026-11-28,West,Furniture,Chair,4,13725,54900,New
2064,2026-11-29,North,Furniture,Bed,5,27502,137510,Regular
2065,2026-11-30,North,Electronics,Laptop,3,54693,164079,Premium
2066,2026-12-01,South,Furniture,Chair,5,8041,40205,Premium
2067,2026-12-02,East,Furniture,Bed,1,19548,19548,Premium
2068,2026-12-03,West,Electronics,Laptop,5,29309,146545,Premium
2069,2026-12-04,South,Clothing,Jeans,2,357,714,Regular
2070,2026-12-05,East,Clothing,Jacket,1,3442,3442,Regular
2071,2026-12-06,South,Furniture,Sofa,3,4073,12219,New
2072,2026-12-07,South,Furniture,Sofa,4,36800,147200,Premium
2073,2026-12-08,West,Clothing,Jeans,2,915,1830,Regular
2074,2026-12-09,East,Furniture,Chair,3,22081,66243,New
2075,2026-12-10,East,Furniture,Bed,2,37694,75388,New
2076,2026-12-11,East,Clothing,T-Shirt,3,2558,7674,Premium
2077,2026-12-12,East,Furniture,Sofa,3,8825,26475,New
2078,2026-12-13,East,Electronics,Tablet,5,52058,260290,Premium
2079,2026-12-14,North,Furniture,Bed,4,12100,48400,Regular
2080,2026-12-15,South,Electronics,Laptop,5,49443,247215,Regular
2081,2026-12-16,West,Electronics,Laptop,2,40983,81966,New
2082,2026-12-17,South,Electronics,Laptop,2,39160,78320,Regular
2083,2026-12-18,West,Furniture,Bed,2,7544,15088,Regular
2084,2026-12-19,South,Electronics,Tablet,5,24641,123205,Regular
2085,2026-12-20,East,Furniture,Table,4,11493,45972,Regular
2086,2026-12-21,East,Electronics,Mobile,5,27760,138800,Premium
2087,2026-12-22,South,Electronics,Tablet,4,30473,121892,Premium
2088,2026-12-23,East,Furniture,Sofa,2,9610,19220,New
2089,2026-12-24,East,Clothing,Jacket,2,4528,9056,Premium
2090,2026-12-25,East,Electronics,Laptop,4,55116,220464,New
2091,2026-12-26,South,Furniture,Bed,5,34463,172315,Premium
2092,2026-12-27,West,Clothing,Jeans,5,3002,15010,Premium
2093,2026-12-28,East,Furniture,Chair,3,15503,46509,Regular
2094,2026-12-29,East,Clothing,Jeans,3,1864,5592,Regular
2095,2026-12-30,North,Furniture,Bed,1,36228,36228,Regular
2096,2026-12-31,South,Clothing,T-Shirt,1,4774,4774,Premium
2097,2027-01-01,East,Electronics,Mobile,3,40321,120963,Regular
2098,2027-01-02,North,Furniture,Table,5,19492,97460,Premium
2099,2027-01-03,South,Clothing,T-Shirt,2,3977,7954,New
2100,2027-01-04,South,Clothing,Shirt,4,1700,6800,New
2101,2027-01-05,South,Clothing,Jacket,2,3904,7808,New
2102,2027-01-06,West,Electronics,Mobile,5,34715,173575,Regular
2103,2027-01-07,North,Electronics,Laptop,1,57127,57127,New
2104,2027-01-08,East,Clothing,T-Shirt,1,312,312,New
2105,2027-01-09,South,Electronics,Tablet,3,44243,132729,Premium
2106,2027-01-10,East,Electronics,Mobile,3,21251,63753,New
2107,2027-01-11,North,Furniture,Chair,2,2331,4662,Regular
2108,2027-01-12,North,Furniture,Bed,4,39863,159452,Premium
2109,2027-01-13,South,Furniture,Sofa,4,17567,70268,Regular
2110,2027-01-14,East,Electronics,Laptop,4,40929,163716,Regular
2111,2027-01-15,North,Furniture,Chair,5,31774,158870,New
2112,2027-01-16,South,Electronics,Mobile,1,32626,32626,New
2113,2027-01-17,North,Furniture,Sofa,5,4513,22565,Premium
2114,2027-01-18,East,Furniture,Chair,1,12165,12165,Regular
2115,2027-01-19,South,Clothing,Shirt,5,1141,5705,New
2116,2027-01-20,North,Clothing,Jacket,2,3754,7508,Premium
2117,2027-01-21,South,Clothing,Jeans,4,2368,9472,Premium
2118,2027-01-22,North,Electronics,Headphones,1,20493,20493,Regular
2119,2027-01-23,South,Electronics,Headphones,5,9924,49620,Premium
2120,2027-01-24,South,Electronics,Tablet,1,47084,47084,Premium
2121,2027-01-25,East,Clothing,T-Shirt,2,3553,7106,Regular
2122,2027-01-26,North,Clothing,Jeans,3,2059,6177,Regular
2123,2027-01-27,North,Furniture,Bed,5,16837,84185,Premium
2124,2027-01-28,West,Furniture,Table,2,28393,56786,Premium
2125,2027-01-29,North,Furniture,Table,3,18138,54414,Premium
2126,2027-01-30,East,Furniture,Sofa,3,30174,90522,New
2127,2027-01-31,South,Electronics,Tablet,5,23033,115165,Premium
2128,2027-02-01,West,Furniture,Table,3,23322,69966,Regular
2129,2027-02-02,East,Clothing,Shirt,5,3645,18225,Regular
2130,2027-02-03,East,Furniture,Table,2,21938,43876,Premium
2131,2027-02-04,South,Electronics,Tablet,4,46034,184136,Premium
2132,2027-02-05,North,Clothing,Jacket,5,1474,7370,New
2133,2027-02-06,North,Furniture,Bed,1,23922,23922,Regular
2134,2027-02-07,East,Furniture,Chair,3,22991,68973,Premium
2135,2027-02-08,North,Furniture,Table,3,31283,93849,Regular
2136,2027-02-09,North,Furniture,Sofa,5,20653,103265,Regular
2137,2027-02-10,South,Furniture,Sofa,3,22343,67029,Premium
2138,2027-02-11,West,Clothing,Jacket,1,1686,1686,Premium
2139,2027-02-12,North,Clothing,T-Shirt,2,2463,4926,Regular
2140,2027-02-13,South,Clothing,Jeans,2,917,1834,New
2141,2027-02-14,North,Electronics,Headphones,4,12642,50568,Regular
2142,2027-02-15,East,Furniture,Bed,2,31409,62818,Premium
2143,2027-02-16,West,Furniture,Sofa,4,12292,49168,Regular
2144,2027-02-17,East,Furniture,Bed,1,35988,35988,Regular
2145,2027-02-18,East,Furniture,Bed,3,11063,33189,Premium
2146,2027-02-19,West,Clothing,T-Shirt,2,2868,5736,Premium
2147,2027-02-20,East,Furniture,Chair,5,35560,177800,Premium
2148,2027-02-21,North,Clothing,Shirt,2,583,1166,Premium
2149,2027-02-22,North,Clothing,Jeans,1,2094,2094,New
2150,2027-02-23,East,Furniture,Sofa,2,30469,60938,Premium
2151,2027-02-24,West,Electronics,Tablet,2,58960,117920,Premium
2152,2027-02-25,East,Electronics,Laptop,4,56040,224160,New
2153,2027-02-26,West,Clothing,Shirt,3,809,2427,New
2154,2027-02-27,East,Electronics,Laptop,1,29161,29161,New
2155,2027-02-28,East,Furniture,Bed,2,9490,18980,Regular
2156,2027-03-01,East,Furniture,Table,3,10998,32994,New
2157,2027-03-02,West,Furniture,Table,5,3831,19155,Premium
2158,2027-03-03,West,Clothing,T-Shirt,1,2124,2124,New
2159,2027-03-04,South,Electronics,Mobile,5,23105,115525,Premium
2160,2027-03-05,South,Electronics,Mobile,1,14491,14491,New
2161,2027-03-06,North,Electronics,Mobile,3,59154,177462,New
2162,2027-03-07,South,Electronics,Tablet,4,41390,165560,Premium
2163,2027-03-08,North,Electronics,Headphones,4,46757,187028,Premium
2164,2027-03-09,North,Furniture,Sofa,4,38486,153944,Premium
2165,2027-03-10,East,Electronics,Laptop,5,37959,189795,Premium
2166,2027-03-11,West,Clothing,Jacket,2,389,778,New
2167,2027-03-12,West,Electronics,Laptop,5,35028,175140,New
2168,2027-03-13,East,Furniture,Chair,5,30955,154775,Premium
2169,2027-03-14,East,Clothing,Shirt,1,2036,2036,Regular
2170,2027-03-15,East,Clothing,T-Shirt,5,2968,14840,New
2171,2027-03-16,North,Furniture,Sofa,5,35435,177175,Premium
2172,2027-03-17,North,Clothing,Jacket,3,2002,6006,Premium
2173,2027-03-18,South,Furniture,Table,1,37418,37418,Regular
2174,2027-03-19,South,Furniture,Sofa,4,25932,103728,New
2175,2027-03-20,West,Furniture,Bed,1,17890,17890,Regular
2176,2027-03-21,West,Furniture,Chair,5,28201,141005,Premium
2177,2027-03-22,West,Electronics,Tablet,1,15150,15150,New
2178,2027-03-23,East,Clothing,Jeans,2,4511,9022,Regular
2179,2027-03-24,West,Furniture,Bed,1,38495,38495,Regular
2180,2027-03-25,South,Furniture,Bed,3,11716,35148,Premium
2181,2027-03-26,West,Electronics,Tablet,1,8385,8385,Regular
2182,2027-03-27,East,Furniture,Table,3,4738,14214,New
2183,2027-03-28,East,Furniture,Table,3,27703,83109,Regular
2184,2027-03-29,West,Furniture,Table,2,8461,16922,Premium
2185,2027-03-30,North,Furniture,Chair,5,26485,132425,Regular
2186,2027-03-31,South,Electronics,Tablet,2,51946,103892,New
2187,2027-04-01,West,Clothing,Jacket,3,2306,6918,Regular
2188,2027-04-02,West,Clothing,Jeans,3,3661,10983,New
2189,2027-04-03,East,Electronics,Headphones,4,53340,213360,Regular
2190,2027-04-04,West,Electronics,Tablet,3,48310,144930,Premium
2191,2027-04-05,South,Clothing,Shirt,1,2072,2072,Premium
2192,2027-04-06,North,Furniture,Sofa,1,13939,13939,Premium
2193,2027-04-07,North,Electronics,Tablet,2,32228,64456,Premium
2194,2027-04-08,East,Furniture,Bed,3,17371,52113,New
2195,2027-04-09,North,Electronics,Tablet,3,43889,131667,Regular
2196,2027-04-10,East,Clothing,Jacket,5,3256,16280,Regular
2197,2027-04-11,West,Clothing,Jacket,1,2194,2194,Premium
2198,2027-04-12,North,Electronics,Laptop,5,15255,76275,Premium
2199,2027-04-13,West,Clothing,Jeans,5,3062,15310,Regular
2200,2027-04-14,East,Electronics,Laptop,1,38382,38382,New
